ESTADO;52;Goiás;GO;;;
MUNICIPIO;5200050;Abadia de Goiás;GO;2010;449936;1013.54
MUNICIPIO;5200050;Abadia de Goiás;GO;2022;528145;1013.54
MUNICIPIO;5200100;Abadiânia;GO;2010;369866;447.58
MUNICIPIO;5200100;Abadiânia;GO;2022;404423;447.58
MUNICIPIO;5200134;Acreúna;GO;2010;245941;2802.88
MUNICIPIO;5200134;Acreúna;GO;2022;285365;2802.88
MUNICIPIO;5200159;Adelândia;GO;2010;141001;3616.63
MUNICIPIO;5200159;Adelândia;GO;2022;181509;3616.63
MUNICIPIO;5200175;Água Fria de Goiás;GO;2010;427700;3169.53
MUNICIPIO;5200175;Água Fria de Goiás;GO;2022;528150;3169.53
MUNICIPIO;5200209;Água Limpa;GO;2010;135009;577.39
MUNICIPIO;5200209;Água Limpa;GO;2022;158401;577.39
MUNICIPIO;5200258;Águas Lindas de Goiás;GO;2010;381762;1448.51
MUNICIPIO;5200258;Águas Lindas de Goiás;GO;2022;424035;1448.51
MUNICIPIO;5200308;Alexânia;GO;2010;445025;1598.17
MUNICIPIO;5200308;Alexânia;GO;2022;500127;1598.17
MUNICIPIO;5200506;Aloândia;GO;2010;399867;562.6
MUNICIPIO;5200506;Aloândia;GO;2022;531919;562.6
MUNICIPIO;5200555;Alto Horizonte;GO;2010;436265;2291.3
MUNICIPIO;5200555;Alto Horizonte;GO;2022;510133;2291.3
MUNICIPIO;5200605;Alto Paraíso de Goiás;GO;2010;244447;3341.08
MUNICIPIO;5200605;Alto Paraíso de Goiás;GO;2022;281755;3341.08
MUNICIPIO;5200803;Alvorada do Norte;GO;2010;345286;612.59
MUNICIPIO;5200803;Alvorada do Norte;GO;2022;400036;612.59
MUNICIPIO;5200829;Amaralina;GO;2010;152150;3824.03
MUNICIPIO;5200829;Amaralina;GO;2022;173528;3824.03
MUNICIPIO;5200852;Americano do Brasil;GO;2010;48089;1659.34
MUNICIPIO;5200852;Americano do Brasil;GO;2022;50997;1659.34
MUNICIPIO;5200902;Amorinópolis;GO;2010;391986;2041.05
MUNICIPIO;5200902;Amorinópolis;GO;2022;510749;2041.05
MUNICIPIO;5201108;Anápolis;GO;2010;474905;1981.51
MUNICIPIO;5201108;Anápolis;GO;2022;516986;1981.51
MUNICIPIO;5201207;Anhanguera;GO;2010;12636;1817.62
MUNICIPIO;5201207;Anhanguera;GO;2022;16740;1817.62
MUNICIPIO;5201306;Anicuns;GO;2010;314145;902.33
MUNICIPIO;5201306;Anicuns;GO;2022;405110;902.33
MUNICIPIO;5201405;Aparecida de Goiânia;GO;2010;486518;2275.84
MUNICIPIO;5201405;Aparecida de Goiânia;GO;2022;594035;2275.84
MUNICIPIO;5201454;Aparecida do Rio Doce;GO;2010;111386;352.66
MUNICIPIO;5201454;Aparecida do Rio Doce;GO;2022;138137;352.66
MUNICIPIO;5201504;Aporé;GO;2010;296646;2882.99
MUNICIPIO;5201504;Aporé;GO;2022;358183;2882.99
MUNICIPIO;5201603;Araçu;GO;2010;420228;945.46
MUNICIPIO;5201603;Araçu;GO;2022;456650;945.46
MUNICIPIO;5201702;Aragarças;GO;2010;450364;1599.62
MUNICIPIO;5201702;Aragarças;GO;2022;518196;1599.62
MUNICIPIO;5201801;Aragoiânia;GO;2010;133716;604.09
MUNICIPIO;5201801;Aragoiânia;GO;2022;177239;604.09
MUNICIPIO;5202155;Araguapaz;GO;2010;252763;3588.72
MUNICIPIO;5202155;Araguapaz;GO;2022;337830;3588.72
MUNICIPIO;5202353;Arenópolis;GO;2010;272023;3250.01
MUNICIPIO;5202353;Arenópolis;GO;2022;362797;3250.01
MUNICIPIO;5202502;Aruanã;GO;2010;368634;406.73
MUNICIPIO;5202502;Aruanã;GO;2022;426578;406.73
MUNICIPIO;5202601;Aurilândia;GO;2010;278331;681.06
MUNICIPIO;5202601;Aurilândia;GO;2022;353994;681.06
MUNICIPIO;5202809;Avelinópolis;GO;2010;241154;1676.49
MUNICIPIO;5202809;Avelinópolis;GO;2022;259676;1676.49
MUNICIPIO;5203104;Baliza;GO;2010;408249;1439.15
MUNICIPIO;5203104;Baliza;GO;2022;509617;1439.15
MUNICIPIO;5203203;Barro Alto;GO;2010;259230;1272.1
MUNICIPIO;5203203;Barro Alto;GO;2022;315034;1272.1
MUNICIPIO;5203302;Bela Vista de Goiás;GO;2010;124495;1022.44
MUNICIPIO;5203302;Bela Vista de Goiás;GO;2022;134077;1022.44
MUNICIPIO;5203401;Bom Jardim de Goiás;GO;2010;132527;109.17
MUNICIPIO;5203401;Bom Jardim de Goiás;GO;2022;157281;109.17
MUNICIPIO;5203500;Bom Jesus de Goiás;GO;2010;450167;2026.87
MUNICIPIO;5203500;Bom Jesus de Goiás;GO;2022;568153;2026.87
MUNICIPIO;5203559;Bonfinópolis;GO;2010;272837;1864.09
MUNICIPIO;5203559;Bonfinópolis;GO;2022;321700;1864.09
MUNICIPIO;5203575;Bonópolis;GO;2010;478996;1214.1
MUNICIPIO;5203575;Bonópolis;GO;2022;572429;1214.1
MUNICIPIO;5203609;Brazabrantes;GO;2010;56673;3508.5
MUNICIPIO;5203609;Brazabrantes;GO;2022;75559;3508.5
MUNICIPIO;5203807;Britânia;GO;2010;152201;3942.65
MUNICIPIO;5203807;Britânia;GO;2022;177099;3942.65
MUNICIPIO;5203906;Buriti Alegre;GO;2010;128677;644.51
MUNICIPIO;5203906;Buriti Alegre;GO;2022;150707;644.51
MUNICIPIO;5203939;Buriti de Goiás;GO;2010;259433;2450.36
MUNICIPIO;5203939;Buriti de Goiás;GO;2022;273802;2450.36
MUNICIPIO;5203962;Buritinópolis;GO;2010;292140;1530.04
MUNICIPIO;5203962;Buritinópolis;GO;2022;335778;1530.04
MUNICIPIO;5204003;Cabeceiras;GO;2010;416576;905.48
MUNICIPIO;5204003;Cabeceiras;GO;2022;502712;905.48
MUNICIPIO;5204102;Cachoeira Alta;GO;2010;48057;1013.35
MUNICIPIO;5204102;Cachoeira Alta;GO;2022;58223;1013.35
MUNICIPIO;5204201;Cachoeira de Goiás;GO;2010;413767;3827.1
MUNICIPIO;5204201;Cachoeira de Goiás;GO;2022;453058;3827.1
MUNICIPIO;5204250;Cachoeira Dourada;GO;2010;430014;3555.65
MUNICIPIO;5204250;Cachoeira Dourada;GO;2022;460338;3555.65
MUNICIPIO;5204300;Caçu;GO;2010;428592;2901.95
MUNICIPIO;5204300;Caçu;GO;2022;504787;2901.95
MUNICIPIO;5204409;Caiapônia;GO;2010;95999;1555.54
MUNICIPIO;5204409;Caiapônia;GO;2022;119189;1555.54
MUNICIPIO;5204508;Caldas Novas;GO;2010;407939;1278.01
MUNICIPIO;5204508;Caldas Novas;GO;2022;470838;1278.01
MUNICIPIO;5204557;Caldazinha;GO;2010;216149;1677.74
MUNICIPIO;5204557;Caldazinha;GO;2022;263424;1677.74
MUNICIPIO;5204607;Campestre de Goiás;GO;2010;91946;135.69
MUNICIPIO;5204607;Campestre de Goiás;GO;2022;100229;135.69
MUNICIPIO;5204656;Campinaçu;GO;2010;292050;1855.33
MUNICIPIO;5204656;Campinaçu;GO;2022;352907;1855.33
MUNICIPIO;5204706;Campinorte;GO;2010;322936;810.43
MUNICIPIO;5204706;Campinorte;GO;2022;409156;810.43
MUNICIPIO;5204805;Campo Alegre de Goiás;GO;2010;194021;3012.08
MUNICIPIO;5204805;Campo Alegre de Goiás;GO;2022;224482;3012.08
MUNICIPIO;5204854;Campo Limpo de Goiás;GO;2010;303395;213.73
MUNICIPIO;5204854;Campo Limpo de Goiás;GO;2022;407746;213.73
MUNICIPIO;5204904;Campos Belos;GO;2010;125701;2359.38
MUNICIPIO;5204904;Campos Belos;GO;2022;136876;2359.38
MUNICIPIO;5204953;Campos Verdes;GO;2010;499147;3432.01
MUNICIPIO;5204953;Campos Verdes;GO;2022;648245;3432.01
MUNICIPIO;5205000;Carmo do Rio Verde;GO;2010;33228;556.64
MUNICIPIO;5205000;Carmo do Rio Verde;GO;2022;44807;556.64
MUNICIPIO;5205059;Castelândia;GO;2010;67602;1616.64
MUNICIPIO;5205059;Castelândia;GO;2022;89206;1616.64
MUNICIPIO;5205109;Catalão;GO;2010;348519;1348.47
MUNICIPIO;5205109;Catalão;GO;2022;469455;1348.47
MUNICIPIO;5205208;Caturaí;GO;2010;60560;1630.81
MUNICIPIO;5205208;Caturaí;GO;2022;68747;1630.81
MUNICIPIO;5205307;Cavalcante;GO;2010;35010;1201.88
MUNICIPIO;5205307;Cavalcante;GO;2022;38301;1201.88
MUNICIPIO;5205406;Ceres;GO;2010;33161;2452.31
MUNICIPIO;5205406;Ceres;GO;2022;39598;2452.31
MUNICIPIO;5205455;Cezarina;GO;2010;218009;2233.67
MUNICIPIO;5205455;Cezarina;GO;2022;234129;2233.67
MUNICIPIO;5205471;Chapadão do Céu;GO;2010;140315;3481.9
MUNICIPIO;5205471;Chapadão do Céu;GO;2022;169047;3481.9
MUNICIPIO;5205497;Cidade Ocidental;GO;2010;68047;2481.52
MUNICIPIO;5205497;Cidade Ocidental;GO;2022;79448;2481.52
MUNICIPIO;5205513;Cocalzinho de Goiás;GO;2010;373425;2729.27
MUNICIPIO;5205513;Cocalzinho de Goiás;GO;2022;461999;2729.27
MUNICIPIO;5205521;Colinas do Sul;GO;2010;188231;586.62
MUNICIPIO;5205521;Colinas do Sul;GO;2022;221716;586.62
MUNICIPIO;5205703;Córrego do Ouro;GO;2010;26198;1191.38
MUNICIPIO;5205703;Córrego do Ouro;GO;2022;27622;1191.38
MUNICIPIO;5205802;Corumbá de Goiás;GO;2010;81590;2601.55
MUNICIPIO;5205802;Corumbá de Goiás;GO;2022;104585;2601.55
MUNICIPIO;5205901;Corumbaíba;GO;2010;122434;2279.9
MUNICIPIO;5205901;Corumbaíba;GO;2022;154225;2279.9
MUNICIPIO;5206206;Cristalina;GO;2010;115698;3027.73
MUNICIPIO;5206206;Cristalina;GO;2022;148082;3027.73
MUNICIPIO;5206305;Cristianópolis;GO;2010;466928;1830.54
MUNICIPIO;5206305;Cristianópolis;GO;2022;591444;1830.54
MUNICIPIO;5206404;Crixás;GO;2010;261934;1024.27
MUNICIPIO;5206404;Crixás;GO;2022;281614;1024.27
MUNICIPIO;5206503;Cromínia;GO;2010;30645;388.59
MUNICIPIO;5206503;Cromínia;GO;2022;35905;388.59
MUNICIPIO;5206602;Cumari;GO;2010;388645;336.66
MUNICIPIO;5206602;Cumari;GO;2022;517463;336.66
MUNICIPIO;5206701;Damianópolis;GO;2010;281283;2018.58
MUNICIPIO;5206701;Damianópolis;GO;2022;347092;2018.58
MUNICIPIO;5206800;Damolândia;GO;2010;457696;1835.32
MUNICIPIO;5206800;Damolândia;GO;2022;481752;1835.32
MUNICIPIO;5206909;Davinópolis;GO;2010;480573;3676.43
MUNICIPIO;5206909;Davinópolis;GO;2022;621022;3676.43
MUNICIPIO;5207105;Diorama;GO;2010;52545;2205.7
MUNICIPIO;5207105;Diorama;GO;2022;59210;2205.7
MUNICIPIO;5208301;Divinópolis de Goiás;GO;2010;457310;182.61
MUNICIPIO;5208301;Divinópolis de Goiás;GO;2022;614181;182.61
MUNICIPIO;5207253;Doverlândia;GO;2010;330723;1259.36
MUNICIPIO;5207253;Doverlândia;GO;2022;411132;1259.36
MUNICIPIO;5207352;Edealina;GO;2010;12077;469.65
MUNICIPIO;5207352;Edealina;GO;2022;15670;469.65
MUNICIPIO;5207402;Edéia;GO;2010;88911;3735.45
MUNICIPIO;5207402;Edéia;GO;2022;103243;3735.45
MUNICIPIO;5207501;Estrela do Norte;GO;2010;417350;1136.3
MUNICIPIO;5207501;Estrela do Norte;GO;2022;485005;1136.3
MUNICIPIO;5207535;Faina;GO;2010;388427;2115.01
MUNICIPIO;5207535;Faina;GO;2022;474637;2115.01
MUNICIPIO;5207600;Fazenda Nova;GO;2010;27667;1017.88
MUNICIPIO;5207600;Fazenda Nova;GO;2022;33657;1017.88
MUNICIPIO;5207808;Firminópolis;GO;2010;83394;423.9
MUNICIPIO;5207808;Firminópolis;GO;2022;102825;423.9
MUNICIPIO;5207907;Flores de Goiás;GO;2010;296508;1577.65
MUNICIPIO;5207907;Flores de Goiás;GO;2022;387770;1577.65
MUNICIPIO;5208004;Formosa;GO;2010;163008;1990.68
MUNICIPIO;5208004;Formosa;GO;2022;191613;1990.68
MUNICIPIO;5208103;Formoso;GO;2010;486141;3947.22
MUNICIPIO;5208103;Formoso;GO;2022;561718;3947.22
MUNICIPIO;5208152;Gameleira de Goiás;GO;2010;481786;1887.74
MUNICIPIO;5208152;Gameleira de Goiás;GO;2022;648971;1887.74
MUNICIPIO;5208301;Goianápolis;GO;2010;26991;944.82
MUNICIPIO;5208301;Goianápolis;GO;2022;30375;944.82
MUNICIPIO;5208400;Goiandira;GO;2010;215605;270.13
MUNICIPIO;5208400;Goiandira;GO;2022;237302;270.13
MUNICIPIO;5208509;Goianésia;GO;2010;399680;2839.03
MUNICIPIO;5208509;Goianésia;GO;2022;503346;2839.03
MUNICIPIO;5208608;Goiânia;GO;2010;357941;3600.09
MUNICIPIO;5208608;Goiânia;GO;2022;475465;3600.09
MUNICIPIO;5208707;Goianira;GO;2010;144440;3851.45
MUNICIPIO;5208707;Goianira;GO;2022;190478;3851.45
MUNICIPIO;5208806;Goiás;GO;2010;3026;1797.81
MUNICIPIO;5208806;Goiás;GO;2022;3226;1797.81
MUNICIPIO;5208905;Goiatuba;GO;2010;368510;1019.95
MUNICIPIO;5208905;Goiatuba;GO;2022;437316;1019.95
MUNICIPIO;5209101;Gouvelândia;GO;2010;79477;3153.23
MUNICIPIO;5209101;Gouvelândia;GO;2022;106378;3153.23
MUNICIPIO;5209150;Guapó;GO;2010;67797;3691.81
MUNICIPIO;5209150;Guapó;GO;2022;89909;3691.81
MUNICIPIO;5209200;Guaraíta;GO;2010;432755;1929.2
MUNICIPIO;5209200;Guaraíta;GO;2022;511754;1929.2
MUNICIPIO;5209291;Guarani de Goiás;GO;2010;207283;2425.8
MUNICIPIO;5209291;Guarani de Goiás;GO;2022;255055;2425.8
MUNICIPIO;5209408;Guarinos;GO;2010;99519;2473.61
MUNICIPIO;5209408;Guarinos;GO;2022;131283;2473.61
MUNICIPIO;5209457;Heitoraí;GO;2010;127415;2143.37
MUNICIPIO;5209457;Heitoraí;GO;2022;139074;2143.37
MUNICIPIO;5209606;Hidrolândia;GO;2010;370145;1226.65
MUNICIPIO;5209606;Hidrolândia;GO;2022;495348;1226.65
MUNICIPIO;5209705;Hidrolina;GO;2010;289590;3656.34
MUNICIPIO;5209705;Hidrolina;GO;2022;333533;3656.34
MUNICIPIO;5209804;Iaciara;GO;2010;212454;905.86
MUNICIPIO;5209804;Iaciara;GO;2022;243166;905.86
MUNICIPIO;5209903;Inaciolândia;GO;2010;156442;972.18
MUNICIPIO;5209903;Inaciolândia;GO;2022;196990;972.18
MUNICIPIO;5209937;Indiara;GO;2010;187103;187.56
MUNICIPIO;5209937;Indiara;GO;2022;206400;187.56
MUNICIPIO;5209952;Inhumas;GO;2010;283250;587.93
MUNICIPIO;5209952;Inhumas;GO;2022;375509;587.93
MUNICIPIO;5210000;Ipameri;GO;2010;89583;1613.79
MUNICIPIO;5210000;Ipameri;GO;2022;107629;1613.79
MUNICIPIO;5210109;Ipiranga de Goiás;GO;2010;381446;198.62
MUNICIPIO;5210109;Ipiranga de Goiás;GO;2022;458892;198.62
MUNICIPIO;5210158;Iporá;GO;2010;360764;3928.55
MUNICIPIO;5210158;Iporá;GO;2022;473093;3928.55
MUNICIPIO;5210208;Israelândia;GO;2010;488575;3747.8
MUNICIPIO;5210208;Israelândia;GO;2022;584716;3747.8
MUNICIPIO;5210307;Itaberaí;GO;2010;488943;1099.22
MUNICIPIO;5210307;Itaberaí;GO;2022;540486;1099.22
MUNICIPIO;5210406;Itaguari;GO;2010;275410;3554.65
MUNICIPIO;5210406;Itaguari;GO;2022;312889;3554.65
MUNICIPIO;5210562;Itaguaru;GO;2010;226474;783.14
MUNICIPIO;5210562;Itaguaru;GO;2022;299828;783.14
MUNICIPIO;5210604;Itajá;GO;2010;420965;2797.0
MUNICIPIO;5210604;Itajá;GO;2022;483085;2797.0
MUNICIPIO;5210802;Itapaci;GO;2010;10905;1002.39
MUNICIPIO;5210802;Itapaci;GO;2022;14693;1002.39
MUNICIPIO;5210901;Itapirapuã;GO;2010;191256;3406.63
MUNICIPIO;5210901;Itapirapuã;GO;2022;206435;3406.63
MUNICIPIO;5211008;Itapuranga;GO;2010;396857;1698.19
MUNICIPIO;5211008;Itapuranga;GO;2022;481153;1698.19
MUNICIPIO;5211206;Itarumã;GO;2010;468904;496.4
MUNICIPIO;5211206;Itarumã;GO;2022;615389;496.4
MUNICIPIO;5211305;Itauçu;GO;2010;195238;2768.04
MUNICIPIO;5211305;Itauçu;GO;2022;229384;2768.04
MUNICIPIO;5211404;Itumbiara;GO;2010;156924;1883.47
MUNICIPIO;5211404;Itumbiara;GO;2022;178056;1883.47
MUNICIPIO;5211503;Ivolândia;GO;2010;198288;3142.62
MUNICIPIO;5211503;Ivolândia;GO;2022;242370;3142.62
MUNICIPIO;5211602;Jandaia;GO;2010;274872;226.74
MUNICIPIO;5211602;Jandaia;GO;2022;349331;226.74
MUNICIPIO;5211701;Jaraguá;GO;2010;405185;2210.57
MUNICIPIO;5211701;Jaraguá;GO;2022;477173;2210.57
MUNICIPIO;5211800;Jataí;GO;2010;67930;1646.73
MUNICIPIO;5211800;Jataí;GO;2022;76145;1646.73
MUNICIPIO;5211909;Jaupaci;GO;2010;95725;1246.02
MUNICIPIO;5211909;Jaupaci;GO;2022;109480;1246.02
MUNICIPIO;5212006;Jesúpolis;GO;2010;124442;1811.78
MUNICIPIO;5212006;Jesúpolis;GO;2022;152697;1811.78
MUNICIPIO;5212055;Joviânia;GO;2010;14273;3914.53
MUNICIPIO;5212055;Joviânia;GO;2022;15607;3914.53
MUNICIPIO;5212105;Jussara;GO;2010;4354;1909.61
MUNICIPIO;5212105;Jussara;GO;2022;4937;1909.61
MUNICIPIO;5212204;Lagoa Santa;GO;2010;375289;189.47
MUNICIPIO;5212204;Lagoa Santa;GO;2022;409663;189.47
MUNICIPIO;5212253;Leopoldo de Bulhões;GO;2010;432669;2081.27
MUNICIPIO;5212253;Leopoldo de Bulhões;GO;2022;524047;2081.27
MUNICIPIO;5212303;Luziânia;GO;2010;313357;794.92
MUNICIPIO;5212303;Luziânia;GO;2022;389615;794.92
MUNICIPIO;5212501;Mairipotaba;GO;2010;180032;1232.01
MUNICIPIO;5212501;Mairipotaba;GO;2022;235553;1232.01
MUNICIPIO;5212600;Mambaí;GO;2010;467922;2323.99
MUNICIPIO;5212600;Mambaí;GO;2022;531096;2323.99
MUNICIPIO;5212709;Mara Rosa;GO;2010;16089;2239.38
MUNICIPIO;5212709;Mara Rosa;GO;2022;18105;2239.38
MUNICIPIO;5212808;Marzagão;GO;2010;341871;870.34
MUNICIPIO;5212808;Marzagão;GO;2022;439267;870.34
MUNICIPIO;5212907;Matrinchã;GO;2010;382566;3047.25
MUNICIPIO;5212907;Matrinchã;GO;2022;478695;3047.25
MUNICIPIO;5212956;Maurilândia;GO;2010;309113;3849.91
MUNICIPIO;5212956;Maurilândia;GO;2022;348334;3849.91
MUNICIPIO;5213004;Mimoso de Goiás;GO;2010;157448;397.58
MUNICIPIO;5213004;Mimoso de Goiás;GO;2022;171938;397.58
MUNICIPIO;5213053;Minaçu;GO;2010;40181;1968.67
MUNICIPIO;5213053;Minaçu;GO;2022;52154;1968.67
MUNICIPIO;5213087;Mineiros;GO;2010;375125;2197.35
MUNICIPIO;5213087;Mineiros;GO;2022;495034;2197.35
MUNICIPIO;5213103;Moiporá;GO;2010;293467;812.59
MUNICIPIO;5213103;Moiporá;GO;2022;349537;812.59
MUNICIPIO;5213400;Monte Alegre de Goiás;GO;2010;50784;3098.69
MUNICIPIO;5213400;Monte Alegre de Goiás;GO;2022;66497;3098.69
MUNICIPIO;5213509;Montes Claros de Goiás;GO;2010;180939;3351.84
MUNICIPIO;5213509;Montes Claros de Goiás;GO;2022;242464;3351.84
MUNICIPIO;5213707;Montividiu;GO;2010;174803;1139.14
MUNICIPIO;5213707;Montividiu;GO;2022;233363;1139.14
MUNICIPIO;5213756;Montividiu do Norte;GO;2010;175213;3027.61
MUNICIPIO;5213756;Montividiu do Norte;GO;2022;218972;3027.61
MUNICIPIO;5213772;Morrinhos;GO;2010;258842;3336.78
MUNICIPIO;5213772;Morrinhos;GO;2022;310033;3336.78
MUNICIPIO;5213806;Mossâmedes;GO;2010;373637;3460.14
MUNICIPIO;5213806;Mossâmedes;GO;2022;457917;3460.14
MUNICIPIO;5213855;Mozarlândia;GO;2010;418370;1093.81
MUNICIPIO;5213855;Mozarlândia;GO;2022;497726;1093.81
MUNICIPIO;5213905;Mundo Novo;GO;2010;491464;2388.43
MUNICIPIO;5213905;Mundo Novo;GO;2022;591046;2388.43
MUNICIPIO;5214002;Mutunópolis;GO;2010;227942;2066.86
MUNICIPIO;5214002;Mutunópolis;GO;2022;270252;2066.86
MUNICIPIO;5214051;Nazário;GO;2010;143008;574.54
MUNICIPIO;5214051;Nazário;GO;2022;162167;574.54
MUNICIPIO;5214101;Nerópolis;GO;2010;360201;2057.61
MUNICIPIO;5214101;Nerópolis;GO;2022;480052;2057.61
MUNICIPIO;5214408;Niquelândia;GO;2010;97009;3783.71
MUNICIPIO;5214408;Niquelândia;GO;2022;106516;3783.71
MUNICIPIO;5214507;Nova América;GO;2010;371911;700.58
MUNICIPIO;5214507;Nova América;GO;2022;465487;700.58
MUNICIPIO;5214606;Nova Aurora;GO;2010;452294;3403.98
MUNICIPIO;5214606;Nova Aurora;GO;2022;559556;3403.98
MUNICIPIO;5214705;Nova Crixás;GO;2010;477027;2527.74
MUNICIPIO;5214705;Nova Crixás;GO;2022;507717;2527.74
MUNICIPIO;5214804;Nova Glória;GO;2010;203977;2410.63
MUNICIPIO;5214804;Nova Glória;GO;2022;221218;2410.63
MUNICIPIO;5214838;Nova Iguaçu de Goiás;GO;2010;395762;3830.56
MUNICIPIO;5214838;Nova Iguaçu de Goiás;GO;2022;500261;3830.56
MUNICIPIO;5214861;Nova Roma;GO;2010;359963;3586.82
MUNICIPIO;5214861;Nova Roma;GO;2022;420232;3586.82
MUNICIPIO;5214879;Nova Veneza;GO;2010;201587;3469.07
MUNICIPIO;5214879;Nova Veneza;GO;2022;272059;3469.07
MUNICIPIO;5214903;Novo Brasil;GO;2010;459657;712.4
MUNICIPIO;5214903;Novo Brasil;GO;2022;505866;712.4
MUNICIPIO;5215009;Novo Gama;GO;2010;78634;548.71
MUNICIPIO;5215009;Novo Gama;GO;2022;95210;548.71
MUNICIPIO;5215207;Orizona;GO;2010;119873;444.93
MUNICIPIO;5215207;Orizona;GO;2022;150301;444.93
MUNICIPIO;5215231;Ouro Verde de Goiás;GO;2010;374109;2739.45
MUNICIPIO;5215231;Ouro Verde de Goiás;GO;2022;481387;2739.45
MUNICIPIO;5215256;Ouvidor;GO;2010;356226;138.62
MUNICIPIO;5215256;Ouvidor;GO;2022;480419;138.62
MUNICIPIO;5215306;Padre Bernardo;GO;2010;308430;3695.92
MUNICIPIO;5215306;Padre Bernardo;GO;2022;338415;3695.92
MUNICIPIO;5215405;Palestina de Goiás;GO;2010;157988;3770.77
MUNICIPIO;5215405;Palestina de Goiás;GO;2022;191025;3770.77
MUNICIPIO;5215504;Palmeiras de Goiás;GO;2010;333950;802.68
MUNICIPIO;5215504;Palmeiras de Goiás;GO;2022;405784;802.68
MUNICIPIO;5215603;Palmelo;GO;2010;125395;310.72
MUNICIPIO;5215603;Palmelo;GO;2022;160176;310.72
MUNICIPIO;5215652;Palminópolis;GO;2010;40258;3422.56
MUNICIPIO;5215652;Palminópolis;GO;2022;48873;3422.56
MUNICIPIO;5215702;Panamá;GO;2010;309116;189.83
MUNICIPIO;5215702;Panamá;GO;2022;371173;189.83
MUNICIPIO;5215801;Paranaiguara;GO;2010;312590;1715.52
MUNICIPIO;5215801;Paranaiguara;GO;2022;347957;1715.52
MUNICIPIO;5215900;Paraúna;GO;2010;163508;2378.67
MUNICIPIO;5215900;Paraúna;GO;2022;175512;2378.67
MUNICIPIO;5216007;Perolândia;GO;2010;484451;3810.47
MUNICIPIO;5216007;Perolândia;GO;2022;522613;3810.47
MUNICIPIO;5216304;Petrolina de Goiás;GO;2010;267540;3245.78
MUNICIPIO;5216304;Petrolina de Goiás;GO;2022;331324;3245.78
MUNICIPIO;5216403;Pilar de Goiás;GO;2010;202156;3884.73
MUNICIPIO;5216403;Pilar de Goiás;GO;2022;212647;3884.73
MUNICIPIO;5216452;Piracanjuba;GO;2010;347853;3034.09
MUNICIPIO;5216452;Piracanjuba;GO;2022;415133;3034.09
MUNICIPIO;5216809;Piranhas;GO;2010;308151;1352.01
MUNICIPIO;5216809;Piranhas;GO;2022;408908;1352.01
MUNICIPIO;5216908;Pirenópolis;GO;2010;159033;221.07
MUNICIPIO;5216908;Pirenópolis;GO;2022;210088;221.07
MUNICIPIO;5217104;Pires do Rio;GO;2010;239912;563.45
MUNICIPIO;5217104;Pires do Rio;GO;2022;258179;563.45
MUNICIPIO;5217203;Planaltina;GO;2010;276143;2154.26
MUNICIPIO;5217203;Planaltina;GO;2022;316877;2154.26
MUNICIPIO;5217302;Pontalina;GO;2010;44860;102.32
MUNICIPIO;5217302;Pontalina;GO;2022;59092;102.32
MUNICIPIO;5217401;Porangatu;GO;2010;446532;115.04
MUNICIPIO;5217401;Porangatu;GO;2022;601532;115.04
MUNICIPIO;5217609;Posse;GO;2010;200478;3599.3
MUNICIPIO;5217609;Posse;GO;2022;247915;3599.3
MUNICIPIO;5217708;Professor Jamil;GO;2010;276755;1287.78
MUNICIPIO;5217708;Professor Jamil;GO;2022;340504;1287.78
MUNICIPIO;5218003;Quirinópolis;GO;2010;385641;2147.21
MUNICIPIO;5218003;Quirinópolis;GO;2022;467546;2147.21
MUNICIPIO;5218052;Rialma;GO;2010;47240;627.98
MUNICIPIO;5218052;Rialma;GO;2022;53792;627.98
MUNICIPIO;5218102;Rianápolis;GO;2010;122588;696.65
MUNICIPIO;5218102;Rianápolis;GO;2022;158143;696.65
MUNICIPIO;5218300;Rio Verde;GO;2010;496428;1563.73
MUNICIPIO;5218300;Rio Verde;GO;2022;544136;1563.73
MUNICIPIO;5218391;Rubiataba;GO;2010;296680;1463.36
MUNICIPIO;5218391;Rubiataba;GO;2022;360162;1463.36
MUNICIPIO;5218508;Sanclerlândia;GO;2010;203183;651.51
MUNICIPIO;5218508;Sanclerlândia;GO;2022;236467;651.51
MUNICIPIO;5218607;Santa Bárbara de Goiás;GO;2010;185305;1548.87
MUNICIPIO;5218607;Santa Bárbara de Goiás;GO;2022;234423;1548.87
MUNICIPIO;5218706;Santa Cruz de Goiás;GO;2010;84044;3961.92
MUNICIPIO;5218706;Santa Cruz de Goiás;GO;2022;111834;3961.92
MUNICIPIO;5218789;Santa Fé de Goiás;GO;2010;133136;924.99
MUNICIPIO;5218789;Santa Fé de Goiás;GO;2022;177124;924.99
MUNICIPIO;5218805;Santa Helena de Goiás;GO;2010;480324;3452.31
MUNICIPIO;5218805;Santa Helena de Goiás;GO;2022;505596;3452.31
MUNICIPIO;5218904;Santa Isabel;GO;2010;249587;151.87
MUNICIPIO;5218904;Santa Isabel;GO;2022;263770;151.87
MUNICIPIO;5219001;Santa Rita do Araguaia;GO;2010;149290;111.19
MUNICIPIO;5219001;Santa Rita do Araguaia;GO;2022;157345;111.19
MUNICIPIO;5219100;Santa Rita do Novo Destino;GO;2010;405501;3924.18
MUNICIPIO;5219100;Santa Rita do Novo Destino;GO;2022;510661;3924.18
MUNICIPIO;5219209;Santa Rosa de Goiás;GO;2010;25438;2976.32
MUNICIPIO;5219209;Santa Rosa de Goiás;GO;2022;32883;2976.32
MUNICIPIO;5219258;Santa Tereza de Goiás;GO;2010;181015;744.26
MUNICIPIO;5219258;Santa Tereza de Goiás;GO;2022;221952;744.26
MUNICIPIO;5219308;Santa Terezinha de Goiás;GO;2010;454508;849.58
MUNICIPIO;5219308;Santa Terezinha de Goiás;GO;2022;594174;849.58
MUNICIPIO;5219357;Santo Antônio da Barra;GO;2010;25210;1932.06
MUNICIPIO;5219357;Santo Antônio da Barra;GO;2022;31453;1932.06
MUNICIPIO;5219407;Santo Antônio de Goiás;GO;2010;65969;461.46
MUNICIPIO;5219407;Santo Antônio de Goiás;GO;2022;84419;461.46
MUNICIPIO;5219456;Santo Antônio do Descoberto;GO;2010;199278;2774.42
MUNICIPIO;5219456;Santo Antônio do Descoberto;GO;2022;238355;2774.42
MUNICIPIO;5219506;São Domingos;GO;2010;219908;2102.93
MUNICIPIO;5219506;São Domingos;GO;2022;231781;2102.93
MUNICIPIO;5219605;São Francisco de Goiás;GO;2010;269912;1053.65
MUNICIPIO;5219605;São Francisco de Goiás;GO;2022;360860;1053.65
MUNICIPIO;5219704;São João d'Aliança;GO;2010;46639;1730.41
MUNICIPIO;5219704;São João d'Aliança;GO;2022;60894;1730.41
MUNICIPIO;5219712;São João da Paraúna;GO;2010;60320;1966.6
MUNICIPIO;5219712;São João da Paraúna;GO;2022;66784;1966.6
MUNICIPIO;5219738;São Luís de Montes Belos;GO;2010;474843;425.17
MUNICIPIO;5219738;São Luís de Montes Belos;GO;2022;510834;425.17
MUNICIPIO;5219753;São Luíz do Norte;GO;2010;367431;2727.56
MUNICIPIO;5219753;São Luíz do Norte;GO;2022;463571;2727.56
MUNICIPIO;5219803;São Miguel do Araguaia;GO;2010;29557;1808.48
MUNICIPIO;5219803;São Miguel do Araguaia;GO;2022;36690;1808.48
MUNICIPIO;5219902;São Miguel do Passa Quatro;GO;2010;378005;1236.41
MUNICIPIO;5219902;São Miguel do Passa Quatro;GO;2022;438930;1236.41
MUNICIPIO;5220009;São Patrício;GO;2010;210489;1512.14
MUNICIPIO;5220009;São Patrício;GO;2022;264294;1512.14
MUNICIPIO;5220058;São Simão;GO;2010;304474;110.29
MUNICIPIO;5220058;São Simão;GO;2022;405464;110.29
MUNICIPIO;5220108;Senador Canedo;GO;2010;297447;113.7
MUNICIPIO;5220108;Senador Canedo;GO;2022;372164;113.7
MUNICIPIO;5220157;Serranópolis;GO;2010;185710;259.74
MUNICIPIO;5220157;Serranópolis;GO;2022;233614;259.74
MUNICIPIO;5220207;Silvânia;GO;2010;9089;280.47
MUNICIPIO;5220207;Silvânia;GO;2022;11072;280.47
MUNICIPIO;5220264;Simolândia;GO;2010;301278;2959.32
MUNICIPIO;5220264;Simolândia;GO;2022;319698;2959.32
MUNICIPIO;5220280;Sítio d'Abadia;GO;2010;82625;2091.79
MUNICIPIO;5220280;Sítio d'Abadia;GO;2022;94595;2091.79
MUNICIPIO;5220405;Taquaral de Goiás;GO;2010;281336;3576.79
MUNICIPIO;5220405;Taquaral de Goiás;GO;2022;347493;3576.79
MUNICIPIO;5220454;Teresina de Goiás;GO;2010;384028;2281.57
MUNICIPIO;5220454;Teresina de Goiás;GO;2022;413287;2281.57
MUNICIPIO;5220504;Terezópolis de Goiás;GO;2010;227543;2405.31
MUNICIPIO;5220504;Terezópolis de Goiás;GO;2022;251445;2405.31
MUNICIPIO;5220603;Três Ranchos;GO;2010;34782;2751.48
MUNICIPIO;5220603;Três Ranchos;GO;2022;39861;2751.48
MUNICIPIO;5220686;Trindade;GO;2010;155369;2843.69
MUNICIPIO;5220686;Trindade;GO;2022;172014;2843.69
MUNICIPIO;5220702;Trombas;GO;2010;80734;1567.4
MUNICIPIO;5220702;Trombas;GO;2022;86285;1567.4
MUNICIPIO;5221007;Turvânia;GO;2010;103560;3669.35
MUNICIPIO;5221007;Turvânia;GO;2022;111490;3669.35
MUNICIPIO;5221080;Turvelândia;GO;2010;79148;1815.24
MUNICIPIO;5221080;Turvelândia;GO;2022;87889;1815.24
MUNICIPIO;5221197;Uirapuru;GO;2010;345119;2351.66
MUNICIPIO;5221197;Uirapuru;GO;2022;436298;2351.66
MUNICIPIO;5221304;Uruaçu;GO;2010;57374;1085.31
MUNICIPIO;5221304;Uruaçu;GO;2022;69880;1085.31
MUNICIPIO;5221403;Uruana;GO;2010;17891;2963.49
MUNICIPIO;5221403;Uruana;GO;2022;21284;2963.49
MUNICIPIO;5221452;Urutaí;GO;2010;461100;702.58
MUNICIPIO;5221452;Urutaí;GO;2022;520230;702.58
MUNICIPIO;5221502;Valparaíso de Goiás;GO;2010;255769;3048.47
MUNICIPIO;5221502;Valparaíso de Goiás;GO;2022;269190;3048.47
MUNICIPIO;5221551;Varjão;GO;2010;311731;539.48
MUNICIPIO;5221551;Varjão;GO;2022;420686;539.48
MUNICIPIO;5221577;Vianópolis;GO;2010;22374;344.42
MUNICIPIO;5221577;Vianópolis;GO;2022;26185;344.42
MUNICIPIO;5221601;Vicentinópolis;GO;2010;3710;3584.0
MUNICIPIO;5221601;Vicentinópolis;GO;2022;4441;3584.0
MUNICIPIO;5221700;Vila Boa;GO;2010;432977;321.09
MUNICIPIO;5221700;Vila Boa;GO;2022;492554;321.09
MUNICIPIO;5221809;Vila Propício;GO;2010;497423;1717.22
MUNICIPIO;5221809;Vila Propício;GO;2022;550943;1717.22
